date,eod_sammy,eod_og,eod_grilled,eod_tenders,eod_thaw,eod_boxed,del_dark,del_tenders,prep_sammy,prep_og,prep_grilled,prep_tenders,waste_sammy,waste_og,waste_grilled,waste_tenders,oil_fries,oil_left,oil_right,logged_by,id
2025-08-15,5,3.25,1.25,11.5,,,,,,,,,,,,,FALSE,FALSE,FALSE,,3b94ece2dfd14mig
2025-08-16,3.5,3,1,9,,,,,,,,,,,,,FALSE,FALSE,FALSE,,07d2f14521484mig
2025-08-17,2.25,2.5,4,6.75,,,,,,,,,,,,,FALSE,FALSE,FALSE,,7f5507d71a104mig
2025-08-18,1.75,3,3.33,6,,,,,,,,,,,,,FALSE,FALSE,FALSE,,936b2a6e749b4mig
2025-08-19,6.5,4,3,5,,,130,88,6,2,,,,,,,FALSE,FALSE,FALSE,,76a4f0df8b8f4mig
2025-08-20,6,4,1.1,8.25,,,,,,,,,,,,,TRUE,FALSE,FALSE,,6876658cb5a24mig
2025-08-21,7.5,5,2,13.5,,,80,99,2.75,2,,10.5,,,,,FALSE,TRUE,FALSE,,1c2ae2faf8fd4mig
2025-08-22,4.5,5.25,1,11.25,,,,,,,,,,,,,FALSE,FALSE,TRUE,,3dc6172fbb6e4mig
2025-08-23,4,5,0.25,10,,,,,,,,,,,,,FALSE,FALSE,FALSE,,40620c535e854mig
2025-08-24,3,3.5,3.25,8.75,,,,,,,3,,,,,,FALSE,FALSE,FALSE,,2c98011bb6234mig
2025-08-25,,,,,,,,,,,,,,,,,FALSE,FALSE,FALSE,,06ff2ef238984mig
2025-08-26,5,3.5,2.1,10,,,80,60,4,1,,4,,,,,FALSE,FALSE,FALSE,,a45ccc7c450a4mig
2025-08-27,4,3.25,1.8,9,,,,,,,,,,,,,TRUE,FALSE,FALSE,,9d31482f9dd74mig
2025-08-28,10,2.5,1.25,14,,,120,99,6,1,,6,,,,,FALSE,FALSE,FALSE,,1cdde427c5344mig
2025-08-29,9,1.5,5,12,,,,,,,,,,,,,FALSE,FALSE,FALSE,,48aa1e73f96e4mig
2025-08-30,6,1,4.5,11,,,,,,,,,,,,,FALSE,TRUE,FALSE,,6d232813a5174mig
2025-08-31,5.25,0.5,4.5,8,,,,,,,,,,,,,FALSE,FALSE,TRUE,,ed2692ad4f274mig
2025-09-01,4,0.5,4,7,,,,,,,,,,,,,FALSE,FALSE,FALSE,,a6d7770f33664mig
2025-09-02,7,1.25,5,10.15,,,75,55,3.5,0.8,,3.8,,,,,FALSE,FALSE,FALSE,,3a0dfdfe251a4mig
2025-09-03,6.5,1.25,3,10,,,,,,,,,,,,,TRUE,FALSE,FALSE,,0bbc53b3d13f4mig
2025-09-04,,,,,,,119,55,5,2,,4,,,,,FALSE,FALSE,FALSE,,2789e67bcf9f4mig
2025-09-05,8.5,2.5,2.5,13,,,,,,,,,,,,,FALSE,FALSE,FALSE,,020fdd93ac1f4mig
2025-09-06,6.5,2.25,1.75,11.25,,,,,,,,,0.35,,,,FALSE,FALSE,FALSE,,9904c76f30b14mig
2025-09-07,5.75,2,1.25,9.5,,,,,,,,,,,,,FALSE,FALSE,FALSE,,2135dd4583b34mig
2025-09-08,3.75,1.75,1.05,9,,,,,,,,,,,,,FALSE,TRUE,FALSE,,5b93e1a0075f4mig
2025-09-09,,,,,,,,,2,0.2,,,,,,,FALSE,FALSE,TRUE,,5d3859073b214mig
2025-09-10,4,1.5,4.25,5.25,,,,,,,4,,,,,,FALSE,FALSE,FALSE,,e0a1ec6723c34mig
2025-09-11,9,2.5,4.05,11,,,,,6,1,,7,,,,,TRUE,FALSE,FALSE,,c0b3ad4023e74mig
2025-09-12,7.25,1.5,3,9,,,,,,,,,,,,,FALSE,FALSE,FALSE,,3dc9c95f204f4mig
2025-09-13,6,1,2.05,8.25,,,,,,,,,,,,,FALSE,FALSE,FALSE,,2ea4b4127c3f4mig
2025-09-14,4.15,0,2.75,6.25,,,,,,,,,,,,,FALSE,FALSE,FALSE,,12eeb4a56c2c4mig
2025-09-15,,,,,,,,,,,,,,,,,FALSE,FALSE,FALSE,,4a47e075815e4mig
2025-09-16,6.25,1,3.15,10.25,,,,,3.9,1,,6,,,,,FALSE,FALSE,TRUE,,b6e5342b31a64mig
2025-09-17,5,1,2,9,,,,,,,,,,,,,FALSE,FALSE,FALSE,,6357accc69084mig
2025-09-18,10,2.2,2,12.15,,,,,6.5,1.2,,4,,,,,FALSE,TRUE,FALSE,,0f42f3851ab24mig
2025-09-19,8.5,2.25,4.5,10,,,,,,,,,,1,,,FALSE,FALSE,FALSE,,20b51fabee604mig
2025-09-20,6.25,2.25,3.05,7.25,,,,,,,,,,,,,TRUE,FALSE,FALSE,,76d268d99fc94mig
2025-09-21,5,2,4,5,,,,,,,,,,,,,FALSE,FALSE,FALSE,,1c2065be01d34mig
2025-09-22,,,,,,,,,,,,,,,,,FALSE,FALSE,FALSE,,df13a20854ab4mig
2025-09-23,4.75,2.75,2.5,10.25,,,,,1.5,1,,6,,,,,FALSE,FALSE,FALSE,,933508758bcf4mig
2025-09-24,4,2.75,2,7.5,,,,,,,,,,,,,FALSE,FALSE,FALSE,,ca2cd18da2624mig
2025-09-25,8.5,4.5,2.25,10.25,,,129,55,6,2,,4,,,,,FALSE,FALSE,TRUE,,b3eda639adc94mig
2025-09-26,7.25,4,1.25,9.25,,,,,,,,,,,,,TRUE,FALSE,FALSE,,eff36e2cde194mig
2025-09-27,5.5,3.5,6,4,,,,,,,,,,,,,FALSE,TRUE,FALSE,,661bb4ce714b4mig
2025-09-28,4,2.5,4,2,,,,,,,,,,,,,FALSE,FALSE,FALSE,,a38d229e38d24mig
2025-09-29,3.5,2.05,4,3.5,,,,,,,,,,,,,FALSE,FALSE,FALSE,,e6f6c1dccf334mig
2025-09-30,6.5,2.5,6.5,11.25,,,,,3.5,0.5,,10,,0.1,,,FALSE,FALSE,FALSE,,79cfe59f8bf24mig
2025-10-01,4.5,1.75,4.75,10.8,,,,,,,,,,,,,FALSE,FALSE,FALSE,,57cc19db953c4mig
2025-10-02,10,2.25,4.5,14,,,,,,6,1,,4,,0.25,,FALSE,FALSE,FALSE,,931d8a86f4ad4mig
2025-10-03,9.5,2.25,4.25,11,,,,,,,,,,,,,FALSE,FALSE,FALSE,,2a6fd5bcf88d4mig
2025-10-04,6.25,1.25,4.2,10.5,,,,,,,,,,,,,FALSE,TRUE,FALSE,,3ae12ed257b24mig
2025-10-05,5,1,4,8.5,,,,,,,,,,,,,FALSE,FALSE,FALSE,,7c784450293b4mig
2025-10-06,4.5,1,4,7.5,,,,,,,,,,,,,FALSE,FALSE,FALSE,,35538160cc454mig
2025-10-07,7,2,3.25,11.25,,,,,,3.3,0.9,,4,,,,FALSE,FALSE,TRUE,,e3ae6b605a814mig
2025-10-08,5.5,1.25,5.25,10,,,,,,,,,,,,,FALSE,FALSE,FALSE,,57ff13cb14964mig
2025-10-09,10.5,2,3,12,,,,115,55,6,1,,4,,,,FALSE,FALSE,FALSE,,255dd9ad634a4mig
2025-10-10,9,2,3,11,,,,,,,,,,,,,FALSE,FALSE,FALSE,,5fba0b8a42be4mig
2025-10-11,7.1,1.05,2.5,9.85,,,,,,,,,,,,,FALSE,TRUE,FALSE,,a7ec948b33d34mig
2025-10-12,6.5,1,,8.5,,,,,,,,,,,,,FALSE,FALSE,FALSE,,da20b32dfff94mig
2025-10-13,,,,,,,,,,,,,,,,,FALSE,FALSE,FALSE,,d7b9f597dbe04mig
2025-10-14,8,1.75,0.45,10.65,,,,55,55,,,,,,,,FALSE,FALSE,FALSE,,af66522193484mig
2025-10-15,7,1.2,3.1,8,,,,,,,,,,,,,FALSE,FALSE,TRUE,,750e913bf5e04mig
2025-10-16,10.25,2,2,12,,,,75,55,4,1,,4,,,,FALSE,FALSE,FALSE,,9bc2697d755c4mig
2025-10-17,8,2,2,10,,,,,,,,,,,,,FALSE,FALSE,FALSE,,9b6d7401d2d34mig
2025-10-18,7.15,1.8,2.2,8.25,,,,,,,,,,,,,FALSE,TRUE,FALSE,,cc54eb83440b4mig
2025-10-19,6,1.5,1.7,6.75,,,,,,,,,,,,,FALSE,FALSE,FALSE,,14f8a2acc8354mig
2025-10-20,5.25,1.25,1.5,6,,,,,,,,,,,,,FALSE,FALSE,FALSE,,44b75fda259b4mig
2025-10-21,7.2,1.75,1.4,8.8,,,,55,55,3,0.5,,4,,,,FALSE,FALSE,FALSE,,2aef400e7b804mig
2025-10-22,7,2,4.05,7,,,,,,,,,,,,,FALSE,FALSE,FALSE,,30bc73205bba4mig
2025-10-23,8.5,4,4,13,,,,110,77,6,1.5,,7,,,,FALSE,FALSE,FALSE,,00e219e746c04mig
2025-10-24,7.25,4,3.25,12,,,,,,,,,,,,,FALSE,FALSE,FALSE,,a85d7847635c4mig
2025-10-25,6,3.5,3,8,,,,,,,,,,2,,,FALSE,TRUE,TRUE,,7de97563f2d14mig
2025-10-26,4.75,1.75,2,6.75,,,,,,,,,,,,,FALSE,FALSE,FALSE,,7ee7c0437e574mig
2025-10-27,,,,,,,,,,,,,,,,,FALSE,FALSE,FALSE,,f2add10d20fa4mig
2025-10-28,8,1.5,3.3,8,,,,,,4.8,1,,4,,,,FALSE,FALSE,FALSE,,5460a0a5571e4mig
2025-10-29,6,2.5,3.25,7,,,,,,,,,,,,,FALSE,FALSE,FALSE,,4927ef43a77a4mig
2025-10-30,11,2.75,2.5,10,,,,105,66,6,1,,6,,,,FALSE,FALSE,FALSE,,9ea764ffe4de4mig
2025-10-31,9.25,2,2.5,7.25,,,,,,,,,,,0.1,,FALSE,FALSE,FALSE,,79074a6663df4mig
2025-11-01,7.5,1,3,5.5,,,,,,,,,,,,,FALSE,TRUE,FALSE,,3dd2fe07522c4mig
2025-11-02,6.35,0.75,2.5,4,,,,,,,,,,,,,FALSE,FALSE,TRUE,,be7b9858574a4mig
2025-11-03,5.75,0.75,2.75,3.25,,,,,,,,,,,,,FALSE,FALSE,FALSE,,64efc71241bd4mig
2025-11-04,8,1.5,2.25,7,,,,55,55,,,,,,,,FALSE,FALSE,FALSE,,4d1dc5b7dfec4mig
2025-11-05,7,0.5,2,5,,,,,,,,,,,,,FALSE,FALSE,FALSE,,04216bfe3d4c4mig
2025-11-06,8.8,1.25,3.25,7.2,,,,107,77,6,1,,5,2,,,FALSE,FALSE,FALSE,,44b02ebe55cd4mig
2025-11-07,7.25,1.5,3,4.5,,,,,,,,,,,,,FALSE,FALSE,FALSE,,69a5d7e158204mig
2025-11-08,6.5,1.1,2.25,8,,,,,,,,,,,,,FALSE,TRUE,FALSE,,a5ed15c3867a4mig
2025-11-09,5.5,0.85,1.5,6.3,,,,,,,,,,,,,FALSE,FALSE,FALSE,,b3f6545929c84mig
2025-11-10,5,5,4.25,5,,,,,,,,,,,,,FALSE,FALSE,TRUE,,a5de9ac7d3b54mig
2025-11-11,7.5,1.5,3.5,10,,,,55,77,3,0.25,,5.75,,,,FALSE,FALSE,FALSE,,41b6229346ed4mig
2025-11-12,7.5,1.5,3.25,8,,,,,,,,,,,,,FALSE,FALSE,FALSE,,cf0422bb8db14mig
2025-11-13,11,1.25,3,10.2,,,,90,,,,,,,,,FALSE,FALSE,FALSE,,a117677d51d54mig
2025-11-14,7,1.25,2.5,7.25,,,,,,,,,,,,,FALSE,FALSE,FALSE,,2ad53f0737914mig
2025-11-15,5.75,0.75,2.5,4.25,,,,,,,,,,,,,FALSE,FALSE,FALSE,,534786fe111a4mig
2025-11-16,5.25,0.75,2.1,3.15,,,,,,,,,,,,,FALSE,FALSE,FALSE,,123506e7656b4mig
2025-11-17,5.25,0.75,2,2.25,,,,,,,,,,,,,FALSE,TRUE,FALSE,,da17fa738b2b4mig
2025-11-18,7,0.75,1.5,6.25,,,,55,88,,,3,,,,,FALSE,FALSE,FALSE,,3f82f3754ab04mig
2025-11-19,5.8,0.25,4,5.2,,,,,,,,,,,,,FALSE,FALSE,FALSE,,17fa651b0d414mig
2025-11-20,9.25,0.25,4,6.75,,,,80,44,3.75,1,,3.5,1,,,FALSE,FALSE,FALSE,,316c419a3ec94mig
2025-11-21,6.75,1.1,4,5,,,,,,,,,,,,,FALSE,FALSE,FALSE,,b76939f33cec4mig
2025-11-22,5,1,3.5,2.15,,,,,,,,,,,,,FALSE,FALSE,TRUE,,4eef0c18e30d4mig
2025-11-23,2,1,2,5,,,,,,,,,,,,,FALSE,FALSE,FALSE,,124f7f0adbb94mig
2025-11-24,,,,,,,,,,,,,,,,,FALSE,FALSE,FALSE,,944f4aedfeb24mig
2025-11-25,5,1.5,2,7.5,,,,55,77,3,0.75,,5,,,,FALSE,FALSE,FALSE,,95492eac50e14mig
2025-11-26,3,1.1,1.5,7,,,,,,,,,,,,,FALSE,TRUE,FALSE,,c38042cb3c624mig
2025-11-27,7,2,4,9,,,,80,77,4.9,1,3,5,,,,FALSE,FALSE,FALSE,,2c0990d82e564mig
2025-11-28,5.5,1.25,4,7.25,,,,,,,,,,,,,FALSE,FALSE,FALSE,,948a4a1c102f4mig
2025-11-29,2.1,1.15,3.75,8.15,,,,,,,,,4,,,,FALSE,FALSE,FALSE,,70235d94ea2c4mig
2025-11-30,1.1,1,3.2,5.25,,,,,,,,,,,,,FALSE,FALSE,FALSE,,22f1a876f6424mig
2025-12-01,1,1,3.5,4.5,,,,,,,,,,,,,FALSE,FALSE,FALSE,,5b3d9a84cee74mig
2025-12-02,4.5,1.5,2.5,8,,,,77,57,3.25,1,,3.5,,,,FALSE,FALSE,TRUE,,43a71afa9ccd4mig
2025-12-03,3.15,1,2,6.5,,,,,,,,,,,,,FALSE,FALSE,FALSE,,12dd6a7aa4834mig
2025-12-04,6.25,2,1.5,8,,,,,,4,1,,2.5,,,,FALSE,FALSE,FALSE,,61f833036ee94mig
2025-12-05,5,2,4,8.5,,,,,55,,,3,4,,,,FALSE,FALSE,FALSE,,a54a6aaf6f994mig
2025-12-06,4,1.2,3.5,7.25,,,,,,,,,,,,,FALSE,FALSE,FALSE,,7a08bfbe3e784mig
2025-12-07,2.4,1,3,6,,,,,,,,,,,,,FALSE,FALSE,FALSE,,25f0069de3964mig
2025-12-08,2,1,1.5,4.5,,,,,,,,,,,,,FALSE,FALSE,FALSE,,03627a7501194mig
2025-12-09,4,2,4.5,5.75,,,,75,62,3.25,1,4,4,,,,FALSE,FALSE,FALSE,,360e0c60b2b54mig
2025-12-10,,,,,,,,,,,,,,,,,FALSE,FALSE,FALSE,,830e731dad3c4mig
2025-12-11,7,3.5,4.25,10,,,,85,89,3.8,1.1,,5.25,,,,FALSE,TRUE,TRUE,,9381411c201a4mig
2025-12-12,5.5,2.25,4,8.1,,,,,,,,,,,,,FALSE,FALSE,FALSE,,ea89f597465b4mig
2025-12-13,4.25,2.25,4,6,,,,,,,,,,,,,FALSE,FALSE,FALSE,,013c3379efd34mig
2025-12-14,3.7,2.15,4,3.5,,,,,,,,,,,,,FALSE,FALSE,FALSE,,45591d09d4744mig
2025-12-15,3.1,1.5,3,3,,,,,,,,,,,,,FALSE,FALSE,FALSE,,1351df21683e4mig
2025-12-16,4.5,2.25,4,7.5,,,,,,,,,,,,,FALSE,FALSE,FALSE,,570696c595364mig
2025-12-17,4,2.25,3,6.5,,,,,,,,,,,,,FALSE,FALSE,FALSE,,24964a2f2e054mig
2025-12-18,7.25,3.75,2.75,12,,,,,,,,,,,,,FALSE,TRUE,FALSE,,74ee0978d4064mig
2025-12-19,5.25,4,2,10.25,,,,90,110,4,1.25,,7.5,,,,FALSE,FALSE,TRUE,,fad5936e17434mig
2025-12-20,4.75,2.75,2,8,,,,,,,,,,,,,FALSE,FALSE,FALSE,,f414ac26eee14mig
2025-12-21,4.25,2.25,2,6,,,,,,,,,,,,,FALSE,FALSE,FALSE,,919a4a2500f74mig
2025-12-22,4,2.15,1.25,4.5,,,,,,,,,,,,,FALSE,FALSE,FALSE,,7802698118044mig
2025-12-23,5.25,4.5,0.25,9.5,,,,85,88,4,0.75,,6,,,,FALSE,FALSE,FALSE,,12497b9ab45a4mig
2025-12-24,,,,,,,,,,,,,,,,,FALSE,FALSE,FALSE,,86c5e3d0b3554mig
2025-12-25,,,,,,,,,,,,,,,,,FALSE,FALSE,FALSE,,5edd9a80cfb64mig
2025-12-26,,,,,,,,,,,,,,,,,FALSE,TRUE,FALSE,,391cece94a924mig
2025-12-27,2.75,2,1,5.75,,,,,,,,,,,,,FALSE,FALSE,FALSE,,688bbcdcfa8d4mig
2025-12-28,2,2,1,3.5,,,,,,,,,,,,,FALSE,FALSE,FALSE,,28f3e33a57a04mig
2025-12-29,1,1.5,0.25,0.75,,,,,,,,,,,,,FALSE,FALSE,FALSE,,540c07f00e324mig
2025-12-30,4.25,1.5,1,2.5,,,,,,,,,,,,,FALSE,FALSE,FALSE,,0075c98b19bf4mig
2025-12-31,,,,,,,,,,,,,,,,,FALSE,FALSE,FALSE,,022c513f54f14mig
2026-01-01,3,,1.5,7,,,,,,,,,,,,,FALSE,FALSE,FALSE,,524bb9c875c94mig
2026-01-02,5,1,1.5,5.5,,,,,,,,,,,,,FALSE,FALSE,FALSE,,c03a9212e4b84mig
2026-01-03,4.2,0.75,1.5,4.25,,,,95,,5,0.75,,,,,,FALSE,FALSE,FALSE,,0930c1bf2dca4mig
2026-01-04,3.5,0.25,1.5,3.75,,,,,,,,,,,,,FALSE,FALSE,FALSE,,d0d4f6c8e3a64mig
2026-01-05,5,0.5,1.5,3.5,,,,,,,,,,,,,FALSE,FALSE,FALSE,,e5687c24dc804mig
2026-01-06,7.25,1,2.5,7,,,,,,3,0.5,,4,,,,FALSE,FALSE,FALSE,,d96b331b54724mig
2026-01-07,6.5,0.75,1.5,5.75,,,,,,,,,,,,,FALSE,FALSE,FALSE,,bb29056cfd6f4mig
2026-01-08,8.5,1.5,1,9.75,,,,57,77,3.25,,,4.25,,,,FALSE,TRUE,FALSE,,4f9c792d11dd4mig
2026-01-09,6,1.25,1.2,6.75,,,,,,,,,,,,,FALSE,FALSE,FALSE,,9f9bbf0f8df34mig
2026-01-10,4.25,1,1,3.25,,,,,,,,,,,,,FALSE,FALSE,FALSE,,83450be3d03a4mig
2026-01-11,3,0.5,3,2,,,,,,,,,,,,,FALSE,FALSE,FALSE,,6c061d09ad854mig
2026-01-12,1.5,0.25,1,1.5,,,,,,,,,,,,,FALSE,TRUE,FALSE,,3a211ca5755c4mig
2026-01-13,4.5,1.25,5,5,,,,85,77,3.75,1,,4.25,,,,FALSE,FALSE,FALSE,,0e2472a194d04mig
2026-01-14,3.25,1,4,4.15,,,,,,,,,,,,,FALSE,FALSE,FALSE,,494c6772a0aa4mig
2026-01-15,2.25,0.75,3,2.25,,,,,,,,,,,,,FALSE,FALSE,FALSE,,d7bf5726add54mig
2026-01-16,5,1.5,2,8,,,,90,99,2,1,,7,,,,FALSE,FALSE,FALSE,,5a8804bda50e4mig
2026-01-17,4,2.15,1.5,6,,,,,,2,0.5,,,,,,FALSE,TRUE,FALSE,,1f238d55c2b64mig
2026-01-18,2.5,1.25,2.25,4,,,,,,,,,,,,,FALSE,FALSE,TRUE,,e4e9f5e505754mig
2026-01-19,2,1,2,3,,,,,,,,,,,,,FALSE,FALSE,FALSE,,ce912279cd794mig
2026-01-20,5,1.5,2,6,,,,,,,,,,,,,FALSE,FALSE,FALSE,,c1324734fd444mig
2026-01-21,4,1,0.5,4.5,,,,,,,,,,,,,FALSE,FALSE,FALSE,,f16a15ae7eb84mig
2026-01-22,7,1.5,4.5,6.75,,,,85,55,3.9,1,,4,,,,FALSE,TRUE,FALSE,,726f30a709e54mig
2026-01-23,6,1,4,5,,,,,,6,,,,,,,FALSE,FALSE,FALSE,,0d102f1198ba4mig
2026-01-24,4,0.5,3,4.5,,,,,,,,,1.5,,,,FALSE,FALSE,FALSE,,02e18451070b4mig
2026-01-25,2.5,,,3,,,,,,,,,,,,,FALSE,FALSE,FALSE,,0713d3e8e03c4mig
2026-01-26,2,0,4,3,,,,,,,,,,,,,FALSE,FALSE,FALSE,,6686f35d78314mig
2026-01-27,5.75,0.5,3.25,8,,,,,,,,,,,,,FALSE,FALSE,FALSE,,e016652620bb4mig
2026-01-28,5.5,0.2,2.5,6.75,,,,,,0.5,0.25,,,,,,FALSE,FALSE,FALSE,,9af5ae3e1fe14mig
2026-01-29,7.5,1,2,8.75,,,,90,66,4,1,,4,,,,FALSE,TRUE,TRUE,,51718315ae3b4mig
2026-01-30,5.5,0.5,1,7,,,,,,,,,,,,,FALSE,FALSE,FALSE,,3610d572ba5e4mig
2026-01-31,1.5,0.1,1.5,5.5,,,,,,,,,,,,,FALSE,FALSE,FALSE,,fd73e27da9394mig
2026-02-01,2.5,0,3,5.5,,,,,,,,,,,,,FALSE,FALSE,FALSE,,104f50723be44mig
2026-02-02,4.5,1.5,1,4.75,,,,,,,,,,,,,FALSE,FALSE,FALSE,,c233e40195c54mig
2026-02-03,5.3,2.8,1,3.5,,,,,,2,0.8,,,,,,FALSE,FALSE,FALSE,,ab7a21788f504mig
2026-02-04,4.25,2.2,0,2.1,,,,,,,,,,,,,FALSE,TRUE,FALSE,,346ea44f3e5d4mig
2026-02-05,3,2.5,4.5,7,,,,,,6,,,,,,,FALSE,FALSE,FALSE,,0f93584ae6164mig
2026-02-06,6.5,2.5,4,5,,,,,,,,,,,,,FALSE,FALSE,FALSE,,685ba02a587e4mig
2026-02-07,5,1.75,2,3.75,,,,,,,,,,,,,FALSE,FALSE,FALSE,,f09e753414924mig
2026-02-08,,,,,,,,,,,,,,,,,FALSE,FALSE,FALSE,,e42b52d13de04mig
2026-02-09,8,2.25,1,4.25,,,,,,,,,,,,,FALSE,FALSE,FALSE,,723d029f31774mig
2026-02-10,7.75,2.5,1,3.75,,,,,,,,,,,,,FALSE,FALSE,FALSE,,e8686b7078984mig
2026-02-11,6.25,1.6,0,5.75,,,,,,,,,3,,,,FALSE,FALSE,FALSE,,8540e9432ec34mig
2026-02-12,8,2.5,2.25,4.25,,,,30kg,15kg,3.5,1,,0.25,,,,FALSE,FALSE,FALSE,,b673fc3ae6d64mig
2026-02-13,6.5,1,1,5.5,,,,,,,,,,,,,FALSE,FALSE,FALSE,,575e6810500a4mig
2026-02-14,3.5,0.25,0.5,1.5,,,,,,,,,,,,,FALSE,FALSE,FALSE,,f9002192e5a84mig
2026-02-15,3,3,,1,,,,,,,,,,,,,FALSE,FALSE,FALSE,,899f604b71324mig
2026-02-16,2,0.4,,1.25,,,,,,,,,,,,,FALSE,FALSE,FALSE,,dbb5351285ca4mig
2026-02-17,3,1,2,2.75,,,,,,2,1,,,,,,FALSE,FALSE,FALSE,,f967a522d0194mig
2026-02-18,4.5,1.9,1,1.75,,,,,,,,,,,,,FALSE,FALSE,FALSE,,3535570e52524mig
2026-02-19,3.15,1.5,4.15,3,,,,50,30,,,,3.1,,,,FALSE,FALSE,FALSE,,86548b425db44mig
2026-02-20,7,2.5,4,4,,,,,,4,1,,2.25,,,,FALSE,FALSE,FALSE,,2e6294d01aa74mig
2026-02-21,4.5,1.75,3.5,4,,,,,,,,,2,,,,FALSE,FALSE,FALSE,,10f749ead0b64mig
2026-02-22,2.9,2,1.25,2.75,,,,,,,,,1,,,,FALSE,FALSE,FALSE,,56bd91569dd44mig
2026-02-23,7,3.25,2,3,,,,50,30,5,2,,1,,,,FALSE,FALSE,FALSE,,2dd09587694a4mig
2026-02-24,5,2.9,1,2.75,,,,,,,,,1.5,,,,FALSE,FALSE,FALSE,,5ba77ed54a964mig
2026-02-25,3,2.25,3,7.25,,,,,,,,,6.25,,,,FALSE,FALSE,FALSE,,dbc7296e1c594mig
2026-02-26,8,4,3,6.75,,,,75,60,6.25,2,,,,,,FALSE,FALSE,TRUE,,f1101da5ea974mig
2026-02-27,6.75,4,2,5,,,,,,,,,,,,,FALSE,FALSE,FALSE,,642a4cbbbbe54mig
2026-02-28,5,3,1,2.25,,,,,,,,,,,,,FALSE,FALSE,FALSE,,2e783aeed7b74mig
2026-03-01,4,3.25,4.25,4.25,,,,,,,,,,,,,FALSE,FALSE,FALSE,,9da3598bde134mig
2026-03-02,8,4.5,4,3,,,,50,3,5,2,,,,,,FALSE,FALSE,FALSE,,c0c35a2495804mig
2026-03-03,7,4.25,3.5,5.5,,,,,,,,,4,,,,FALSE,FALSE,FALSE,,07962e9a18b54mig
2026-03-04,7.1,4,3,5.5,,,,,,,,,,,,,FALSE,FALSE,FALSE,,e176b9f2e6bc4mig
2026-03-05,9.25,4.5,2,5.5,,,,50,30,4,1.25,3,3,,,,FALSE,FALSE,FALSE,,d3cad5b2d15a4mig
2026-03-06,8,3.25,5.5,3.5,,,,,,,,,,,,,FALSE,TRUE,FALSE,,e18aa9537abc4mig
2026-03-07,5.5,2.55,4.25,6,,,,,,,,,3.5,,,,FALSE,FALSE,FALSE,,fd70c11a47e54mig
2026-03-08,4.25,2,3.25,4.5,,,,,,,,,,,,,FALSE,FALSE,FALSE,,9169c9e1fb864mig
2026-03-09,3.25,1.75,3,6,,,,50,60,5,2,,,,,,FALSE,FALSE,FALSE,,5c96701a02d64mig
2026-03-10,7.5,3.5,2.5,4,,,,,,,,,,,,,FALSE,FALSE,FALSE,,cfb01c44148b4mig
2026-03-11,6.75,3.25,1.5,2.5,,,,,,,,,,,,,FALSE,TRUE,FALSE,,d17386016bea4mig
2026-03-12,4.5,2.75,1,5,,,,,,,,,,,,,FALSE,FALSE,FALSE,,c49d6dcfb67a4mig
2026-03-13,5.25,3.25,4.5,6,,,,25,3,2,1,,3,,,,FALSE,FALSE,FALSE,,f26d1784234d4mig
2026-03-14,3.25,2.5,3.25,3,,,,,,,,,,,,,FALSE,FALSE,FALSE,,9fc6c793f1884mig
2026-03-15,2,2,3,3,,,,,,,,,3,,,,FALSE,FALSE,FALSE,,ea4fcd6493464mig
2026-03-16,4.5,2.25,2.5,2.25,,,,50,5,,,,,,,,FALSE,FALSE,FALSE,,45ff1d9ba6d74mig
2026-03-17,3,2,2,6.5,,,,,,,,,5.5,,,,FALSE,FALSE,FALSE,,9565e60dc8434mig
2026-03-18,1.7,2.75,4,4.8,,,,,,,,,,,,,FALSE,FALSE,TRUE,,deb2d27c81994mig
2026-03-19,4.75,3,3,6,,,,75,2,4,1,,4,,,,FALSE,TRUE,FALSE,,607eae34190f4mig
2026-03-20,6.75,3.8,3,8.25,,,,,,3.5,1,,4,,,,FALSE,FALSE,FALSE,,aab4a4525c814mig
2026-03-21,5,3.25,2.75,5,,,,,,,,,,,,,FALSE,FALSE,FALSE,,070d8ab1ae924mig
2026-03-22,3,2.5,2.25,3.5,,,,,,,,,,,,,FALSE,FALSE,FALSE,,c0cd505f234c4mig
2026-03-23,4.5,2.5,2,4,,,,,,4,1,,2,,,,FALSE,FALSE,FALSE,,cd8c9bf0f90c4mig
2026-03-24,4.5,4,4,4,,,,,,3.5,1,,2,,,,FALSE,FALSE,FALSE,,cf1d3e0596a44mig
2026-03-25,3,3.25,3,3,,,,,,,,,,,,,FALSE,FALSE,FALSE,,1679eac0b6784mig
2026-03-26,1.8,2.5,2.25,1,,,,,,,,,,,,,FALSE,FALSE,TRUE,,0d28ca0ab6c64mig
2026-03-27,8.25,2.75,1.5,4.5,,,,75,4,8,1.5,,4,,,,FALSE,TRUE,FALSE,,16bfcc53b7dc4mig
2026-03-28,4.25,2.5,1.5,3.15,,,,,,,,3,,,,,FALSE,FALSE,FALSE,,34b4f9a99cd14mig
2026-03-29,2,1.5,3,2.2,,,,,,,,,,,,,FALSE,FALSE,FALSE,,7b4e4369c72f4mig
2026-03-30,7,4,2,4.75,,,,75,3,6.5,2.25,,4,,,,FALSE,FALSE,FALSE,,a14a38c23ce54mig
2026-03-31,5.75,3.5,1,4,,,,,,,,,,,,,FALSE,FALSE,FALSE,,d899dfb89f2b4mig
2026-04-01,3,3.5,4,3,,,,75,3,,,,,,,,FALSE,FALSE,FALSE,,76c1f84458f24mig
2026-04-02,10,1.5,3,9,,,,25,3,7.25,2,,5,,,,FALSE,FALSE,FALSE,,8ddbcb185c684mig
2026-04-03,7.25,2.25,2.25,2.75,,,,,,,,,,,,,FALSE,FALSE,FALSE,,49a98c70a4bc4mig
2026-04-04,7.5,2.25,2,6,,,,,,2,1,,4,,,,FALSE,FALSE,FALSE,,8d4b481144144mig
2026-04-05,5.5,2.5,1,4,,,,,,,,,,,,,FALSE,FALSE,FALSE,,bfc8bf8029094mig
2026-04-06,4,2,3,3,,,,,,,,,,,,,FALSE,FALSE,FALSE,,376816ac8eb64mig
2026-04-07,2.5,1.25,3,4,,,,,,,,2,,,,,FALSE,FALSE,FALSE,,6078ceb73acf4mig
2026-04-08,6,2.5,4,6,,,,75,6,5,1.5,2,4,,,,FALSE,FALSE,FALSE,,863ea21d3f0c4mig
2026-04-09,6.5,2.5,3,4.75,,,,,,2,0.75,,,,,,FALSE,FALSE,FALSE,,de5945c521c84mig
2026-04-10,4,1.75,2,9.5,,,,,,,,,7.5,,,,FALSE,FALSE,FALSE,,53781d5ac3d64mig
2026-04-11,5.75,3.25,0.5,4.25,,,,,,4.25,2,,,,,,FALSE,FALSE,FALSE,,0c54e567b8644mig
2026-04-12,6.75,3.25,4,2.25,,,,,,2.5,1,,,,,,FALSE,FALSE,FALSE,,895eee4bc96c4mig
2026-04-13,6,3,3.25,3.25,,,,,,,,,,,,,FALSE,FALSE,FALSE,,93fde7dc8c414mig
2026-04-14,6.5,3,2.5,4.25,,,,,,,,,,,,,FALSE,FALSE,FALSE,,8a9b50e2db614mig
2026-04-15,7.2,3.3,1,2.1,,,,,,,,,,,,,FALSE,FALSE,FALSE,,4921effb35704mig
2026-04-16,5.75,2.5,3.5,6.5,,,,,,,,,,,,,FALSE,FALSE,FALSE,,ec45708c30d24mig
2026-04-17,2.5,2,2.5,4,,,,,,,,,,,,,FALSE,FALSE,FALSE,,eb8cf9b039394mig
2026-04-18,4,2.95,2,4.25,,,,,,4,2,,4,,,,FALSE,FALSE,FALSE,,5a529eb2b40c4mig
2026-04-19,4,3.5,5,2.25,,,,,,2,1.25,,1,,,,FALSE,FALSE,FALSE,,c1e201dec6fe4mig
2026-04-20,2.75,2.5,3,6,,,,,,,,,,,,,FALSE,FALSE,FALSE,,81bb73ac81674mig
2026-04-21,6.25,4,2,4.75,,,,,,,,,,,,,FALSE,FALSE,FALSE,,5eaf19ca389e4mig
2026-04-22,8.25,4.5,1,2.25,,,,,,,,,,,,,FALSE,FALSE,FALSE,,e277b2fdf6534mig
2026-04-23,6.25,5.25,1,4,,,,,,4.25,1.25,,,,,,FALSE,FALSE,FALSE,,db1b816166bd4mig
2026-04-24,4.5,4.5,4,5,,,,,,,,,,,,,FALSE,FALSE,FALSE,,43af99045cd64mig
2026-04-25,8,2026-06-05 00:00:00,3.5,4,,,,,,,,,,,,,FALSE,FALSE,FALSE,,b4f941692f164mig
2026-04-26,6.5,4.75,1,5.25,,,,,,,,,,,,,FALSE,FALSE,FALSE,,041688c4c34e4mig
2026-04-27,4.75,4.75,2,3.5,,,,,,,,,,,,,FALSE,FALSE,FALSE,,4a7c92102fec4mig
2026-04-28,7,6.5,2,6.75,,,,,,,,,,,,,FALSE,FALSE,FALSE,,c4f72172c6e84mig
2026-04-29,5.75,6.25,2,4.25,,,,,,,,,,,,,FALSE,FALSE,FALSE,,e788646eb8984mig
2026-04-30,8,7.25,4,6.5,,,,,,,,,,,,,FALSE,FALSE,FALSE,,0693877fbea64mig
2026-05-01,6.75,6.5,4.5,4.75,,,,,,,,,,,,,FALSE,FALSE,FALSE,,8e697ffa7ca54mig
2026-05-02,,,,,,,,,,,,,,,,,FALSE,FALSE,FALSE,,ac1a588df0034mig
2026-05-03,9.25,6.25,2.5,4.5,,,,,,,,,,,,,FALSE,FALSE,FALSE,,5a3fc52513074mig
2026-05-04,,,,,,,,,,,,,,,,,FALSE,FALSE,FALSE,,aee9f155787d4mig
2026-05-05,7,6.5,,4,,,,,,,,,,,,,FALSE,FALSE,FALSE,,a1a3f7713b394mig
2026-05-06,6.25,5.25,4.5,2.25,,,,,,,,4.5,,,,,FALSE,FALSE,FALSE,,c70699b1bab04mig
2026-05-07,8,6,4.5,6.25,,,,,,2.5,0.5,,6,,,,FALSE,FALSE,FALSE,,a262fdeb73ac4mig
2026-05-08,7,4.25,1.5,4,,,,,,,,,,,,,FALSE,FALSE,FALSE,,1e57c80cb03e4mig
2026-05-09,5,2,4.25,2.5,,,,,,2,1,,2,,,,FALSE,FALSE,FALSE,,28bfc06ce1fb4mig
2026-05-10,,,,,,,,,,,,,,,,,FALSE,FALSE,FALSE,,101f438ebd334mig
2026-05-11,,,,,,,,,,,,,,,,,FALSE,FALSE,FALSE,,1054482c766b4mig
2026-05-12,5,3,1,4.2,,,,,,4,2,,2,,,,FALSE,FALSE,FALSE,,285cf95df8ea4mig
2026-05-13,3,2.5,2,5,,,,50,4,,,,3,,,,FALSE,FALSE,FALSE,,1fe7fcf481ff4mig
2026-05-14,5.5,3.5,1,4.5,,,,,,4.15,2,,2,,,,FALSE,FALSE,FALSE,,ee8e1ed51f224mig
2026-05-15,2,4,3,6.25,,,,,,,,,4,,,,FALSE,FALSE,FALSE,,28ccb64e96484mig
2026-05-16,4.5,5.5,2,3,,,,,,6.5,3,,,,,,FALSE,FALSE,FALSE,,d1e4432619b24mig
2026-05-17,3,4,0,2,,,,,,,,,,,,,FALSE,FALSE,FALSE,,e3b14c71715d4mig
2026-05-18,2,3.75,0,3.1,,,,,,,,,,,,,FALSE,FALSE,FALSE,,f4aacce8a8e04mig
2026-05-19,4.5,5.5,4,3,,,,,,,,,,,,,FALSE,TRUE,FALSE,,b579802ca3154mig
2026-05-20,6,8,,5,,,,75,,2.7,0.5,,2,,,,FALSE,FALSE,FALSE,,dbf61cf3a8fa4mig
2026-05-21,7,7,2.5,3.25,,,,,,4,2,,,,,,FALSE,FALSE,FALSE,,86d30b19b5184mig
2026-05-22,4,7.5,1,3.5,,,,,,,,,,,,,FALSE,FALSE,FALSE,,422d6a77128f4mig
2026-05-23,6.5,9,0,4.5,,,,,,5.5,2.5,,3.5,,,,FALSE,FALSE,FALSE,,d863cf2afe964mig
2026-05-24,5,8,0.5,2.5,,,,,,,,,,,0.5,,FALSE,FALSE,FALSE,,5e05d58983c74mig
2026-05-25,6,9.5,0,7,,,,,,,,,,,,,FALSE,FALSE,FALSE,,a722b18dff804mig
2026-05-26,3.5,8,1,5.25,,,,50,2,,,,,,,,FALSE,FALSE,FALSE,,5e947ebd25b74mig
2026-05-27,,,,,,,,,,,,,,,,,FALSE,FALSE,FALSE,,99f87d7af6e54mig
2026-05-28,,,,,,,,,,5,1.25,3,,,,,FALSE,FALSE,FALSE,,eb200f9d78b04mig
2026-05-29,5.5,8.25,2,4,,,,,,,,,,,,,FALSE,FALSE,FALSE,,7a2729819fc14mig
2026-05-30,8,8.5,1,6.25,,,,,,4.5,1.5,,4,,,,FALSE,FALSE,FALSE,,a4543670bb104mig
2026-05-31,5.5,8,,4,,,,,,,,,,,,,FALSE,FALSE,FALSE,,02d921e214b14mig
2026-06-01,5,7.5,3,5.5,,,0,3,,,,,,,,,FALSE,FALSE,FALSE,,e91082990b1a4mig
2026-06-02,3.25,6.25,1,6,,,2,1,,,,,,,,,FALSE,FALSE,FALSE,,0ffff5ad10724mig
2026-06-03,5,4.75,5,6.75,,,0,5,,,,,,,,,FALSE,FALSE,FALSE,,4399e8bd20934mig
2026-06-04,,,,,,,2,3,,,,,,,,,FALSE,FALSE,FALSE,,6e248342e4d64mig
2026-06-05,5.5,5.75,4.5,3,,,,,,,,2.25,1,,,,FALSE,FALSE,FALSE,,083b1b905cf44mig
2026-06-06,8.25,5,3.5,4.5,,,,,,,,5,2,,3.5,,FALSE,FALSE,FALSE,,c0ee2268d6634mig
2026-06-07,,,,,,,,,,,,,,,3,,FALSE,FALSE,FALSE,,ac6cf96fb5554mig
2026-06-08,5.75,3.5,5,5.25,,,2,5,,,,,,,,,FALSE,FALSE,FALSE,,fae2cef15cf84mig
2026-06-09,7,2.75,4,7.25,,,,,,,,,,,,,FALSE,FALSE,FALSE,,a26976e0e12b4mig
2026-06-10,9.25,3,2,9,,,,,,,,,,,,,FALSE,FALSE,FALSE,,af15a1fe185c4mig
2026-06-11,,,,,,,,,,,,,,,,,FALSE,FALSE,FALSE,,e17f101f70e74mig
2026-06-12,5,1.5,4.5,6,,,,,,75,3,,,,,,FALSE,FALSE,FALSE,,1b15eeec024f4mig
2026-06-13,9.25,3.5,3,4,,,,,,,,7,3,,,,FALSE,FALSE,FALSE,,28f9b7e2d91c4mig
2026-06-14,7,2.25,2,2,,,2,4,,,,,,,,,FALSE,FALSE,FALSE,,84014df3b0014mig
2026-06-15,,,4.5,4,,,2,6,,,,,,,,,FALSE,FALSE,FALSE,,28afd520a7b94mig
2026-06-16,5.5,2.25,3.25,9,,,0,6,,,,2,1,,4,,FALSE,FALSE,FALSE,,7cdc116b5e2b4mig
2026-06-17,4,1.15,3,7.15,,,0,6,,,,,,,,,FALSE,FALSE,FALSE,,7e3a8437da944mig
2026-06-18,,,,,,,,,,,,,,,,,FALSE,FALSE,FALSE,,d7f525304b6c4mig
2026-06-19,,,,,,,,,,,,,,,,,FALSE,FALSE,FALSE,,c7773af9c31e4mig
2026-06-20,,,,,,,,,,,,,,,,,FALSE,FALSE,FALSE,,fa6c05fc4eb34mig
2026-06-21,,,,,,,,,,,,,,,,,FALSE,FALSE,FALSE,,66211bc1c09d4mig
2026-06-22,,,,,,,,,,,,,,,,,FALSE,FALSE,FALSE,,eeaec01794bb4mig
2026-06-23,,,,,,,,,,,,,,,,,FALSE,FALSE,FALSE,,1981235c15944mig
2026-06-24,,,,,,,,,,,,,,,,,FALSE,FALSE,FALSE,,4d761c3c75544mig
2026-06-25,,,,,,,,,,,,,,,,,FALSE,FALSE,FALSE,,94e22171d9ce4mig
2026-06-26,,,,,,,,,,,,,,,,,FALSE,FALSE,FALSE,,ce89f187d64e4mig
2026-06-27,,,,,,,,,,,,,,,,,FALSE,FALSE,FALSE,,32c75899d8934mig
2026-06-28,,,,,,,,,,,,,,,,,FALSE,FALSE,FALSE,,b2a6d80bdf0a4mig
2026-06-29,,,,,,,,,,,,,,,,,FALSE,FALSE,FALSE,,9c853bfb13004mig
2026-06-30,,,,,,,,,,,,,,,,,FALSE,FALSE,FALSE,,6d5c8bd2570f4mig
